start	end	text
0	6500	Have you ever, um, well, have you ever just stared at an email you just wrote for maybe 20 minutes,
6780	13320	just endlessly tweaking the punctuation, moving a comma around, and you're just paralyzed by this
13320	20200	single agonizing question, is this actually done? Oh yeah, constantly. Right, you delete a transition
20200	25760	word and then you put it back. The core message of the email hasn't changed at all in 15 minutes,
25760	32900	but you just cannot bring yourself to hit send because, well, you lack any objective metric to
32900	38040	tell you that the work is finished. Exactly. I mean, we constantly look for a diagnostic signal
38040	43820	that simply doesn't exist in creative or knowledge work. Yeah. Like if you brace your arm,
43820	49760	the x-ray shows a jagged white line, right? And the doctor just points to it. The diagnosis is
49760	55600	binary, it's visible, and it's deeply comforting in a way. Right. There's no ambiguity. None.
55760	62800	But when we build a software architecture or, you know, write a policy brief or paint a canvas,
63300	68300	we're operating without an x-ray machine. Yeah. We are basically stumbling around in the dark,
68720	77260	relying on this really vague internal feeling of enough. And that feeling of enough is usually where
77260	82560	everything completely breaks down the absolute second other people get involved. Oh, absolutely.
82560	87500	It's a nightmare. So if you've ever felt that paralysis, or if you've ever wanted to just pull
87500	92780	your hair out because a collaborator insisted a project was finished when you thought it barely
92780	99860	even had a foundation, this deep dive is going to completely reframe your entire working life.
100080	105660	It really is. I mean, the frustration you're describing, it's the root of almost every major
105660	108880	conflict in collaborative environments. Yeah. The drama.
108880	115560	Right. The question of what it means to be done seems deceptively simple. We assume it just means,
115900	122140	well, there's no more work to do. But underneath that assumption is a massive structural misunderstanding
122140	129740	of what work actually is. Okay. Let's unpack this. Our mission today is to dissect a truly
129740	136940	paradigm shifting 2026 paper by a researcher named Fliction. It's titled,
136940	141900	Constraint Before Completion, A Trajectory First Theory of Work.
142340	143960	It's such a fascinating read.
143960	150000	It really is. We are going to dig into the mathematics, the underlying philosophy,
150380	156200	and the gritty practical reality of what it actually means to finish something.
157380	164000	Fliction's thesis is that finishing isn't about polishing the surface. It is a phase transition.
164000	170740	Yes. It's the moment where a sprawling universe of possibilities just collapses into a single
170740	176200	inevitability. And that concept of a phase transition is, well, it's the anchor for everything
176200	182840	we're going to discuss today. Fliction is arguing that our entire societal concept of finishing is
182840	185760	built on a complete illusion. How so?
186040	191400	Well, we have been conditioned to think that finishing is the act of adding the final brushstroke or,
191400	194400	you know, exporting the PDF, putting the bow on the package.
194500	195600	Right. The final touch.
195600	201900	Exactly. But the paper posits that the work actually ends when what they call entropy over
201900	205900	structurally relevant degrees of freedom is exhausted.
206180	207580	Okay. That's a mouthful.
207860	212540	It is. But simply put, anything you do after that point, the polishing, the formatting,
212700	217540	the exporting, is not the work itself. It is merely mechanical projection.
217540	225560	So, to really grasp how radical this is, we should probably look at the intractable disagreements
225560	230100	Fliction opens the paper with. Think about a typical tech company.
230240	231780	Well, this is a classic scenario.
231900	237880	You have a back-end programmer who pushes a commit and says, you know, the system is done,
237980	243660	the spec is fully implemented. The front-end designer looks at the exact same system,
243660	251920	sees this unstyled interface with default system fonts, and says, are you kidding? It's nowhere
251920	252740	near done.
252840	254800	Yeah, they're looking at the exact same thing.
254900	260380	Or imagine a sculptor who steps back from a clay figure, declares it finished because the
260380	266180	anatomical form is perfectly established, but then the gallery owner insists it's completely
266180	273360	incomplete until it's cast in bronze and mounted on a nice walnut plinth. Why do highly intelligent
273360	279180	professionals look at the exact same object and reach entirely different conclusions about
279180	280400	its completion status?
280400	285600	Well, the instinct is to just chalk it up to a difference in standards, right? Like, we assume
285600	289120	the designer just has a higher bar for quality than the programmer.
289320	292600	Right. Or the gallery owner is just more detail-oriented.
292600	300660	Exactly. But Fliction dismantles that entirely. This is not a disagreement about taste. It is
300660	307400	a fundamental structural disagreement about what kind of object completion is a property
307400	307740	of.
307920	308940	Okay. That makes sense.
309120	316380	To explain this, the paper introduces a geometric model. I want you to imagine a vast multidimensional
316380	320900	space. Fliction calls this the configuration space.
320900	322540	Configuration space. Got it.
322540	329040	Yeah. It contains all the possible states a system could ever take. All possible melodies
329040	335440	you could compose. All possible software architectures you could build. All possible arguments you
335440	336380	could make in an essay.
336580	342240	So it's like an infinite universe of potential things you could bring into existence. Just raw,
342460	343440	unshaped potential.
343440	349700	Yes. And the act of working, in this theoretical framework at least, is the act of applying
349700	351600	constraints to that space.
351720	352620	Applying constraints.
353000	358560	Right. You start your novel and decide the protagonist is a detective rather than a baker.
359720	366580	That is a constraint. You decide the setting is 1920s London instead of futuristic Tokyo.
366580	373660	Another constraint. With every created decision, you are slicing away vast sections of that
373660	380280	configuration space. Restricting the admissible states into a much smaller bounded area called a
380280	381520	feasible manifold.
382220	387980	It's like the classic analogy of the sculptor carving away the marble. You aren't building
387980	391260	something up. You are eliminating everything that isn't the statue.
391260	399020	The marble analogy works, but Flixerin introduces a layer of mathematical rigor that changes the
399020	405120	implication. Within that feasible set you've carved out, there is what mathematicians call
405120	407000	an equivalence relation.
407380	408580	An equivalence relation.
408680	413820	Yeah. This means there are configurations that, while technically different on a microscopic level,
414040	418060	are structurally indistinguishable for the purposes of the actual work.
418120	420980	Wait, give me a concrete example of that. What does it mean for
420980	424300	two things to be different but structurally indistinguishable?
424300	430260	Okay, imagine you were designing a logo. You have locked in the geometric shape, the specific
430260	436280	brand colors, the negative space, and the vector paths. That is your structural foundation.
436460	437760	Right, the core design.
438220	445720	Now, you could export that logo as a PNG, a JPEG, or an SVG file. You could display it on a
445720	452340	massive billboard or a tiny smartphone screen. Technically, the arrangement of pixels in the JPEG
452340	456160	is vastly different from the mathematical curves in the SVG.
456160	458500	Sure, they're completely different file formats.
458640	465520	And the billboard reflects physical light differently than the OLED phone screen. But structurally,
465960	470140	they are all the same logo. They belong to a single equivalence class.
470140	475520	I see. So the identity of the work is fixed, regardless of the medium or the surface details
475520	476460	it's rendered in.
476460	480340	Exactly. And this leads us to Fliction's core definition.
481300	486300	True completion happens when the solution manifold collapses to a single equivalence class.
487380	492400	The effect of entropy, which is just a fancy way of measuring structural ambiguity or unsolved
492400	494680	problems, drops to absolute zero.
494860	495740	Zero entropy.
495740	501400	Right. Fliction calls the state internal completion. The constraints have done their job.
502180	507920	The problem is definitively solved in the mind of the creator. Therefore, any action taken after
507920	514400	that moment is not structural determination. It is what the paper calls external completion.
514660	521840	Which brings us to one of the most brilliant analogies in the entire paper, the coloring book.
522000	523140	Oh, I love this part.
523140	529540	It's so good. Let's think about how a coloring book is made. The professional illustrator who draws the
529540	535100	black and white lines is doing the heavy lifting. They have to solve the composition. They have to figure out
535100	541280	the lighting, the anatomical proportions of the characters, the spatial relations between the foreground
541280	543280	and the background and the background. All the hard stuff.
543280	551040	Right. By the time they ink those black lines on the page, they have driven the structural entropy to zero.
551540	558600	They have achieved absolute internal completion. Now, you print that page and hand it to a six-year-old
558600	567400	with a box of crayons. The kid spends an hour meticulously coloring it in. Is that kid solving
567400	575880	the structural problem of the drawing? Not in the slightest. The child is merely traversing a space
575880	581880	that was entirely predetermined by the creator. They're projecting the structure. Yeah. I mean,
581880	587240	they might choose to make the sky green and the grass purple, but no matter what colors they apply,
587240	592760	they cannot alter what the drawing structurally is. The boundaries are locked. The black lines don't
592760	601320	move. Exactly. The child is making choices, certainly, but they are low entropy choices within a rigidly
601320	607160	determined space. This completely explains the programmer and the designer fighting over the software.
607160	613720	Yes. It maps perfectly. The programmer is the person who drew the black and white lines.
614040	620440	They built the database. They routed the APIs. They solved the logic. They look at their code and say,
620440	626440	it is finished because they have achieved internal completion. Right. But the designer is looking at
626440	632840	the screen and all they see is a blank coloring book page. They say, it's incomplete. It has no color,
632840	638920	no shading, no user experience. Flickenden has a great term for this disconnect, doesn't he?
638920	647000	Epistemic asymmetry. It is perhaps the single most useful concept for diagnosing workplace misery.
647000	653080	It really is. Because the creator of the structure is operating from inside the constraint system.
653880	658120	Because they built the constraints, they perceive the solution is already closed.
658120	665880	To the programmer, applying the CSS styles, the coloring in, is a tedious, low entropy execution
666440	671640	because the creative problem solving is already dead and buried. It's busy work to them.
671640	677880	Exactly. I mean, pardon me, it feels like busy work because the mental heavy lifting is done. But the
677880	686200	observer, the designer, the client, the boss, lacks access to those internal constraints. They cannot
686200	691400	see the invisible math in the programmer's head. Right, they just see the screen. They only have
691400	697960	access to the surface projection. And to an observer, surface incompleteness is completely
697960	704520	indistinguishable from structural incompleteness. That is such a powerful insight. Because they can't
704520	710440	see the engine, they assume a car without paint is a car without a motor. Yes. They look at your
710440	716280	unformatted spreadsheet and assume the financial projections are wrong. When in reality, the math
716280	722840	is flawless. You just haven't bolded the headers yet. This gap in perception is quantified by
722840	728680	fliction as the residual encoding distance. Residual encoding distance. Think of it as the delta
728680	735640	between your internally completed structure and the observer's threshold for recognizing that structure.
735640	742680	The labor required to close that gap is what we colloquially call rendering or polishing.
743720	749640	But fliction draws a hard line in the sand here. Rendering is not a creative act in the
749640	756520	same ontological category as constraint determination. Rendering is strictly communicative.
756520	763400	I have to pause here because that idea fundamentally shifted how I view my own work.
763400	768360	Oh, same here. When I am polishing an essay, when I am tweaking the transition sentences,
768360	774520	fixing the citations, adjusting the margins, I always felt like I was still writing. I felt like
774520	779640	I was doing the creative work of the essay. Right. Feels like work. But fliction says no.
779640	784760	The writing was done the moment the logical argument was locked in my head. The polishing is just
784760	791320	communication work. I am just reducing the distance between my solved constraints and the reader's
791320	797560	ability to recognize them without friction. I am translating my internal completion into external
797560	804920	completion. You are building a bridge for the observer, which forces us to ask, does that residual
804920	810840	encoding distance always need to be zero? Do we always have to build the bridge? That's a good
810840	817080	question. Flexion points out that the necessity of rendering depends entirely on who the audience is.
817080	823640	If you are sharing a rough draft of a schematic with a fellow engineer who shares your exact
823640	830200	constraint vocabulary, the work is perfectly complete, even if it's sketched on a greasy napkin.
830200	833400	Because they can see the math. They can read the structure through the noise.
834200	838760	But if you are submitting that same schematic to a municipal zoning board,
838760	847000	the institutional convention demands that the residual encoding distance is zero. The surface
847000	852680	must be immaculate. We just have to be incredibly careful not to confuse that necessary surface polish
852680	859080	with the actual completion of the work. So applying this to the real world, what happens when a culture
859080	865240	prioritizes the paint job over the engine? Flexion warns us about the inverse of the coloring book
865240	870920	phenomenon. What happens when we encounter a work that has a spectacularly polished surface,
870920	877960	but the internal constraints were never actually resolved? We encounter fragility. It is a system
877960	885800	that is externally complete in a highly superficial sense, but internally gaping open. The entropy hasn't
885800	892760	actually collapsed. Give me an example of that. Consider a beautifully formatted 50-slide corporate
892760	899560	PowerPoint presentation. The charts have dropped shadows. The typography is perfectly kerned. The
899560	906600	animations are smooth. It signals completion to the observer. But the underlying business strategy
906600	912760	it describes contains massive logical contradiction. Oh man, we've all sat through that meeting. It
912760	917720	looks like a million bucks. But when someone asks a basic question about the supply chain,
917720	921960	the whole thing falls apart. Because the structural questions were never answered.
922760	928280	The creator skipped the grueling work of constraint determination and jumped straight into rendering.
928920	934760	These are the systems that fail spectacularly the moment they are subjected to the stress test of
934760	941720	reality. The polish acts as a camouflage for structural entropy. Okay, so we've established that coloring in,
941720	946840	the rendering, the polishing, is ultimately an act of projection for the sake of an observer.
947480	954680	But what if we push this theory to its absolute limit? This gets wild. It does. What if we remove the
954680	961400	observer entirely? What if the work doesn't even have a physical surface to polish? This is where
961400	967480	affliction takes the theory into a space that is frankly mind-bending. We're moving the locus of
967480	975160	completion upward, away from the physical or visual object entirely. To illustrate this,
975160	981320	fliction examines the world of three-dimensional modeling, specifically looking at generative scripting.
981320	985640	Okay, lay it out for us. Let's say you write a Python script for a program like Blender.
986280	992120	The script is just lines of text, variables, loops, mathematical functions. When you execute
992120	998120	that script, the software generates a 3D mesh. A physical-looking object appears on your screen,
998120	1003640	complete with lighting, texture, and volume. Hold on. I need to play devil's advocate here,
1003640	1009640	because this challenges the very definition of art and creation. Go for it. If I am a 3D digital artist,
1009640	1018280	my portfolio is full of 3D meshes. My job, my output, is the visual object. How can anyone argue that a
1018280	1024760	block of text, a Python script, is the finished product, and the visual object is just an afterthought?
1024760	1033640	To answer that, fliction introduces the event history ontology. Human beings are deeply conditioned
1033640	1041960	to think of objects as states. We look at a mesh and see a state. A specific, frozen configuration of
1041960	1049160	vertices and faces in digital space. But fliction argues that true identity isn't a state at all.
1050280	1054680	Identity is a trajectory. Identity is a trajectory. Break that
1054680	1062600	down for me. Imagine two 3D meshes side by side on your monitor. They are visually indistinguishable.
1062600	1069320	They have the exact same polygon count, the exact same curves. But one was sculpted by hand by an
1069320	1076200	artist painstakingly pushing and pulling digital clay for 40 hours. The other was generated in two
1076200	1082360	milliseconds by a procedural math script. So they look identical, but structurally their origins are
1082360	1088840	worlds apart. In a state-based ontology, they are the same object. But in an event history ontology,
1088840	1094280	they are completely different entities because they possess entirely different histories. In this
1094280	1099320	framework, the script is actually a more complete representation of the work than the visual object
1099320	1106040	it generates. Because it tells you how it was made. Yes. The script is an explicit, readable history
1106040	1113640	generator. It is the append-only log of every single operation, every constraint, every mathematical
1113640	1120680	decision that constitutes the object's identity. The visual mesh is merely a terminal snapshot of that
1120680	1127880	log rendered at a specific fraction of a second. The script contains strictly more information about the
1127880	1134520	identity of the work than the mesh alone could ever convey. That makes incredible sense when you think
1134520	1140920	about version control systems like GitHub that software developers use. Perfect example. Our repository
1140920	1147080	isn't just the current state of the code. It is the entire history of every change ever made by every
1147080	1156520	person. The history is the project. So the script answers the profound question of how did this come to be? While
1156520	1162680	the mesh merely answers what does this look like right now? Infliction is saying the how is the true identity.
1162680	1169320	Furthermore, this leads us to the concept of headless execution. If an artist is running a generative
1169320	1175000	script, they have the option to run that code on a remote server without any graphical user interface
1175000	1180760	whatsoever. They don't have a monitor. They don't look at the mesh being formed. They just let the code
1180760	1184760	execute in the dark. Wait, really? Just in the dark? Yeah.
1184760	1191800	Fliction argues this isn't just a clever workflow optimization to save computing power. It is a
1191800	1198760	profound philosophical statement about the nature of completion. Let me see if I'm tracking this.
1199320	1205560	Because the graphical user interface, the screen showing you the object, is just an observer layer
1205560	1207720	projection. It's the coloring book. Right.
1207720	1213640	If the artist knows the script is mathematically sound, if they know the generator is closed and the
1213640	1220200	constraints are locked in, looking at the visual feedback loop is epistemically redundant. They
1220200	1226200	don't need to see it to know it's done because the truth of the work exists in the math, not in the
1226200	1231800	photons hitting their retinas. The system is complete at the level of the operator, which is the script.
1232520	1238520	The projection into observable space, the rendering of the mesh is available on demand should an observer
1238520	1244280	require it, but it is not constitutive of the work itself. The work is the script.
1244280	1249800	If we accept this, it completely upends how we think about editing and revision.
1250920	1257960	If the true identity of a work is its history, the sequence of events and constraints that generated it,
1257960	1264440	then going back and manually tweaking the final object isn't just polishing the work.
1264440	1270440	It is an act of historical divergence. In a traditional stateful object worldview,
1270440	1277320	if you take that generated mesh and manually drag a single vertex to the left, you are just updating a
1277320	1285000	single object to version 2.0. But in the event history worldview, the moment you intervene manually and
1285000	1291560	edit the output rather than editing the generator, you are creating a branched, entirely new history.
1291560	1293000	You're breaking the chain.
1293000	1299560	You are severing the object from its generative truth. You are creating a new work, even if it looks 99%
1299560	1300680	similar to the original.
1300680	1306760	The thing about baking, the recipe is the script, the generator. The baked cake sitting on the counter
1306760	1308200	is the output, the mesh.
1308200	1308840	I like this.
1308840	1314200	If you taste the cake and decide you want it to be sweeter next time, you alter the recipe. You add
1314200	1319960	another cup of sugar to the text of the generator. That preserves the integrity of the history. But if
1319960	1327800	you just dump a cup of raw sugar on top of the already baked cake, you haven't changed the recipe.
1328440	1335880	You haven't updated the generator. You've just branched the history of that specific physical cake. The
1335880	1341800	recipe, the true identity of the work remains unchanged. And your physical cake is now an orphan,
1341800	1344200	disconnected from its own instructions.
1344200	1348440	That analogy perfectly illustrates how completion migrates upward.
1348440	1353640	Look at the progression we've made. Initially, society thought the painted surface was the work.
1354520	1360040	Then, Fliction showed us that the structural outline, the constraints, was the true work.
1360040	1366360	Now we see that the generator script that creates the outline is the highest form of the work.
1366360	1369160	It's turtles all the way down, or rather up.
1369160	1375000	Exactly. At each stage, we're moving up a hierarchy of abstraction. And at each stage,
1375000	1378200	what we're really doing is collapsing entropy at a higher level.
1378200	1384200	This is what the paper defines as the entropy collapse sequence. It's a top-down cascade.
1384920	1392120	The scripter who encodes the math is collapsing generative entropy. Below them, the modeler who
1392120	1398920	sets the topology is collapsing spatial entropy. Below them, the texture artist doing the lighting
1398920	1406760	is collapsing perceptual entropy. At each descending level, the degrees of freedom vanish. The possibilities
1406760	1407800	drop to zero.
1407800	1415400	It is a beautiful cascading sequence when it works. But the necessary inverse of this theory is where
1415400	1417320	things get genuinely concerning.
1417320	1418520	Yeah, let's go there.
1418520	1425320	We have to ask, what does it look like when we fail to apply enough constraints? If completion is
1425320	1431800	defined as entropy dropping to zero within a bounded space, what is the topological shape of a system
1431800	1432520	where entropy rises?
1432520	1439400	This brings us to a fascinating, somewhat terrifying concept in the paper, semantic collapse.
1440040	1444920	If completion is when the solution space narrows down perfectly to one distinct identity,
1444920	1450200	collapse is when boundaries that desperately needed to be kept separate get completely mashed together.
1450200	1457800	It is the catastrophic failure of constraints. Let's visualize the geometry of this. In a healthy
1457800	1464280	functioning system, your constraints partition the configuration space. They build walls.
1464280	1464920	Cool.
1464920	1470280	Concepts or data points that are logically different are kept structurally separated by these walls.
1471240	1477080	But in a state of semantic collapse, elements that are structurally inequivalent become
1477080	1483240	geometrically indistinguishable. They blend into a single, meaningless point.
1483240	1488920	Let me try to ground this in a physical space. Think about a kitchen junk drawer. If you have a
1488920	1497560	filing cabinet with rigid, hard plastic folders, those folders act as your constraints. Tax documents
1497560	1504280	go in folder A. Medical records go in folder B. You have partitioned the space. The boundaries are clear.
1504280	1509800	Right. Highly constrained. But a junk drawer has no internal constraints. It is a giant,
1509800	1517560	open, unpartitioned box. Because there are no walls, things start to associate purely based on
1517560	1524120	physical proximity. A loose AA battery rolls next to a paper clip, which gets stuck to a piece of old
1524120	1530120	chewing gum. And none of those things belong together. They are completely unrelated structurally.
1530120	1535640	One is an energy source. One is a fastener. One is food. But because the constraints failed,
1535640	1543080	they are merged geometrically. That is a collapse. And that junk drawer is precisely the architectural
1543080	1550760	flaw at the heart of modern artificial intelligence, specifically in how AI models language
1550760	1556440	using embedding spaces. I am going to need you to slow down and really walk me through this. Because
1557480	1564840	embedding spaces feel like black magic to most people. How does an AI embedding space work? And why
1564840	1572520	is Fliction comparing it to my kitchen junk drawer? An embedding space is a mathematical attempt to map
1572520	1579080	human meaning to geometric proximity. Large language models take words and turn them into numbers,
1579080	1584600	specifically vectors, plotting them in a space with thousands of dimensions. Like a massive graph.
1584600	1589960	Yes. The core mechanism is simple. Words that frequently appear in similar contexts in the massive
1589960	1596200	training data will be placed close together in this geometric space. So the vector for dog is plotted
1596200	1601640	very close to the vector for puppy. The vector for king is near queen. The AI navigates meaning by
1601640	1606440	measuring the distance between these points. On the surface, that sounds completely logical.
1607160	1613640	If two words mean similar things, group them together. What's the flaw? The flaw is that proximity is
1613640	1621960	not the same thing as logic. The embedding space lacks those rigid plastic folders you mentioned. It lacks
1621960	1631320	what Fliction calls first class constraints. Specifically, it lacks modal logic, epistemic logic, and indexical logic.
1631640	1637480	Define those three for me. I want to make sure I'm holding the right definitions before we apply them to AI.
1637480	1644200	Modal logic governs necessity and possibility. It is the structural difference between saying
1644200	1648120	the bridge must hold the weight versus the bridge might hold the weight.
1648120	1649160	Got it.
1649160	1651400	Epistemic logic governs belief and knowledge.
1652120	1657640	It separates John believes the bridge is safe from the bridge is objectively safe.
1658440	1664200	Indexical logic governs context and perspective, understanding who is speaking and when.
1664200	1671480	Okay, so if I say the CEO believes the company might go bankrupt, I'm using epistemic logic for the
1671480	1674760	belief part and modal logic for the possibility part.
1674760	1683800	Right. Precisely. Now, an AI embedding space learns from ingesting trillions of words. It notices that
1683800	1690280	words related to John's belief about the flat earth appear in the exact same types of sentences and
1690280	1695640	paragraphs as words related to the actual geometric shape of the earth.
1695640	1703160	Because it relies entirely on proximity, it plots those vectors dangerously close to one another.
1703160	1709560	It flattens objective truth, subjective belief, and hypothetical possibility into a single
1709560	1712280	undifferentiated mush of mere similarity.
1712280	1720200	Affliction calls this operator blindness. The AI is blind to the logical operators, the walls,
1720200	1721800	that separate these concepts.
1721800	1727240	Because it doesn't have the folders, the AI puts the battery next to the paper clip and assumes they
1727240	1731560	are the same kind of object just because they are touching. It doesn't have the structural framework to
1731560	1736120	say, hold on, one of these is a subjective belief and one is a physical reality.
1736120	1741960	And this isn't just theoretical philosophy. The mathematical proof of this catastrophic failure
1741960	1747000	in AI is documented in the literature as a triplet violation.
1747000	1751240	A triplet violation. Walk me through the mechanics of that. It involves an anchor,
1751240	1753560	a substitute, and a decoy, right?
1753560	1760520	Yes. Imagine you are testing an AI's comprehension of semantic boundaries. You provide it with an anchor
1760520	1765960	word. Let's use the word bank, specifically in the context of a financial institution.
1766120	1773160	Okay. A valid substitute. A word that belongs in the same equivalence class would be credit union.
1774360	1779960	In a well-constrained, healthy system, the mathematical distance between the anchor
1779960	1787240	and the substitute should be incredibly small. Makes sense. Bank and credit union are structurally
1787240	1795080	related. Then you introduce a decoy. You feed the AI the word bank, but this time in the context of a
1795080	1802200	riverbank. Now, to a human with first-class constraints, a riverbank has absolutely zero
1802200	1808360	structural relationship to a credit union. None at all. But in a system suffering from semantic collapse,
1808360	1815160	the AI calculates the geometry and discovers that the word bank, as in river, is actually closer to the
1815160	1821640	anchor bank financial than the substitute credit union is. Wait, really? It genuinely thinks a muddy
1821640	1828600	slope next to water is closer in meaning to a chase branch than a credit union is. Yes, because it is
1828600	1836520	operating purely on the superficial geometry of the text it ingested, where the string of letters B-A-N-K
1836520	1843160	creates an overwhelming gravitational pull. The decoy has intruded into the neighborhood of the anchor.
1843160	1849320	That's fascinating. Fliction argues forcefully that this is not merely a bug that can be fixed with
1849320	1857480	more training data. It is an artifact of an under-constrained geometry. The AI has not been
1857480	1863560	provided with the hierarchical walls necessary to partition the meaning of bank into two mutually
1863560	1870280	exclusive equivalence classes. The boundaries have dissolved. If completion is entropy dropping to zero
1870280	1876680	within a safe, heavily fortified area, semantic colonizes entropy rising uncontrollably because
1876680	1882120	the walls of the fortress have crumbled. Everything bleeds into everything else. To solve this,
1882120	1888040	Fliction points to the SFS framework semantic field subspaces. Without getting bogged down in the dense
1888040	1894840	calculus, SFS proves mathematically that you cannot have a single flat global map of meaning. Meaning is
1894840	1901800	inherently hierarchical. Hierarchical meaning. You must establish coarse, high-level constraints. First,
1901800	1908840	like establishing whether a concept is a physical object or an abstract idea. And only then can you
1908840	1916040	build finer details inside those subspaces. It's nesting folders. You have a filing cabinet drawer
1916040	1924600	labeled physical objects and inside that a folder for geography and inside that riverbank. You cannot put
1924600	1931160	riverbank in the same drawer as financial institutions no matter how similar the words look. That is the
1931160	1938840	essence of SFS. If an AI tries to learn the fine details of word association without those high-level
1938840	1945240	constraints of logic and truth pre-established, it will inevitably collapse. It is trying to render the
1945240	1950760	coloring book without anyone ever drawing the black and white lines. Wow. Okay, so we've looked at how
1950760	1956280	constraints operate in code and how their absence creates collapse in artificial intelligence. But
1956280	1961720	everything we've discussed so far, the programmer writing the script, the AI training on data, assumes
1961720	1969880	a luxury that isn't always available. Infinite time. Ah, time. The ultimate constraint. A coder can iterate on a
1969880	1978760	script for weeks. An AI can train for months. But what happens when the ultimate, most unforgiving constraint
1978760	1985240	in the universe is introduced? What happens when you add the ticking clock of a live audience?
1986040	1992200	This is where the paper makes a brilliant pivot from abstract system architecture to the deeply human
1992200	1998360	phenomenological experience of art. Fliction dedicates a significant portion of the paper
1998360	2004760	to exploring live performance, using the specific example of a live painter performing on stage.
2004760	2010040	I love this section because it flips the entire paradigm on its head. Here's where it gets really
2010040	2016360	interesting. When you are on a stage painting in front of a thousand people, time is a hard
2016360	2022840	physical constraint. You are given exactly 45 minutes to perform while the band plays. Right. You cannot
2022840	2027960	finish the painting in 20 minutes because then you are just standing there awkwardly for half an hour,
2027960	2034680	and you cannot run long because the venue cuts the lights at 45 minutes sharp. Time T is absolute.
2034680	2040040	In a normal, private working environment, the goal is to achieve internal closure,
2040680	2047240	to solve the problem, write the code, finalize the design, and the moment you reach that closure,
2047240	2053160	you are done. But for the live performer, assuming they are an experienced practitioner,
2053160	2059640	internal closure actually happens in minute one. Right. Before their brush even touches the canvas,
2059640	2064840	they already know exactly what they are going to paint, the constraints are locked in their mind,
2064840	2070680	the structural entropy is already zero before the show begins. So the challenge of the work completely
2070680	2077560	inverses. The challenge is no longer solving the painting. The challenge is entirely about managing
2077560	2084280	the external projection over that strict time interval T. It is an act of psychological engineering.
2084280	2089960	How so? How do you pace the revelation of an already completed idea to an audience
2089960	2095480	so that their understanding finishes at the exact moment the clock runs out? To map this,
2095480	2102680	Fliction introduces a concept called the legibility function. Imagine a graph plotting how recognizable
2102680	2108440	the painting is to the audience at any given second. The artist has to manipulate this curve with
2108440	2115560	absolute precision. Think about the psychology of being in that crowd. Okay. If the artist walks out
2115560	2123080	and in the first two minutes draws a perfectly photorealistic eye and an ear and it's instantly
2123080	2129720	obvious they are painting a portrait of a dog, what happens to the energy in the room? The energy dies.
2130440	2136520	The legibility functions spike too quickly. The inferential entropy of the crowd, their internal
2136520	2143320	sense of mystery and possibility drop to zero prematurely. They know exactly what the final
2143320	2148920	image will be. Right. Therefore, the remaining 43 minutes of the performance are no longer a shared
2148920	2155960	act of discovery. It devolves into watching someone perform tedious mechanical rendering. It is the
2155960	2162760	definition of an anti-climax. But the artist can't just go the opposite direction either. If they spend 44
2162760	2168200	minutes throwing completely random abstract splatters of paint at the canvas and nothing makes any
2168200	2174680	logical sense, the audience gets frustrated. They feel cheated. They tune out because they assume the
2174680	2181240	artist has no plan. To navigate between the catastrophe of anti-climax and the catastrophe of frustration,
2181240	2187720	the artist must execute what Fliction terms the denouement operator. The denouement operator.
2188600	2194280	I'm gonna be honest, it sounds like a piece of heavy machinery, but it's actually about manipulating
2194280	2202600	human dopamine, isn't it? It is a meticulously engineered psychological trigger. It is the precise
2202600	2210200	moment when the observer's sprawling probability space violently snaps to zero. To achieve this,
2210200	2217240	the artist spends the vast majority of the performance applying low-frequency marks. Broad strokes,
2217240	2224840	vague geometric shapes, large ambiguous washes of color. Keeping it vague. These marks are establishing
2224840	2231080	the necessary structural foundation on the canvas, but crucially, they keep the audience's internal
2231080	2237240	entropy incredibly high. The painting could be a cityscape, it could be a portrait, it could be a
2237240	2243480	storm at sea. The ambiguity is intentional. You are holding the audience in a state of sustained
2243480	2249160	suspense. They are actively leaning forward, trying to solve the puzzle of the constraints before you
2249160	2255160	reveal them. And then at the very end, in the final fleeting moments of time, T, the artist deploys the
2255160	2261800	high-frequency marks, the specific unmistakable identity features, a single dot of pure white paint to
2261800	2268120	create the catchlight in a pupil, the sharp defining edge of a jawline. And instantly, the legibility
2268120	2276680	function rockets from 20% to 100%. The cry's entropy collapses in a fraction of a second. Everything they
2276680	2283560	saw before suddenly makes sense in retrospect. That phenomenological experience, the collective gasp of the
2283560	2291400	audience as abstract shapes suddenly coalesce into a coherent, undeniable image. That gasp is the
2291400	2296920	dynamo operator functioning perfectly. Yeah. In this mode, the performance isn't about the static
2296920	2303400	exhibition of a finished canvas. It is about fusing the narrative ending of the performance with the
2303400	2310760	exact calculated millisecond of audience recognition. It's temporal closure, the recognition, and the end of
2310760	2315880	the show happens simultaneously. But I have to ask a highly practical question about the mechanics of
2315880	2322040	this. Sure. How on earth does a live artist perfectly time this mathematical drop-in entropy?
2322040	2327800	Are they staring at a giant digital countdown clock offstage? Because constantly calculating,
2327800	2333480	okay, I have four minutes and 12 seconds left, I need to transition from low-frequency to high-frequency
2333480	2339720	marks seems like it would require an impossible amount of cognitive overhead while also trying to paint.
2339720	2346120	It would be paralyzing if they had to track it internally. But they don't. This is where
2346120	2351960	afflictions incorporates the role of environment, specifically exploring how music functions in
2351960	2359880	live performance. The music acts as an external clock. They offload the timing to the band. That is
2359880	2366920	brilliant. It is a master class in cognitive offloading. Tracking time, calculating the velocity of your own
2366920	2373640	projection, deciding the exact moment to accelerate the legibility, that cognitive load would destroy
2373640	2380440	the artist's flow state. By utilizing music as an external clock, the artist completely surrenders the
2380440	2387160	tracking of time. They subconsciously couple the velocity of their physical projection to the rhythm,
2387160	2393480	tempo, and dynamics of the music. So if the music is in a slow, building bridge, the artist stays in the
2393480	2399400	low-frequency, ambiguous phase. They don't have to think about it. Their body just rides the wave of the
2399400	2406040	audio. And when the music inevitably swells to its climax, that mathematical crescendo in the audio
2406040	2411800	acts as an automatic trigger for the denomal operator. The artist applies the high-frequency
2411800	2417880	marks exactly as the music peaks. The conscious decision of pacing is entirely replaced by an
2417880	2424360	instinctual coupled response. The artist doesn't have to agonize over when to finish. The music
2424360	2430520	literally commands their hands to trigger the collapse. And from the audience's perspective,
2430520	2438280	the visual revelation and the auditory climax hit their nervous system at the exact same time. It feels
2438280	2443960	like divine inspiration, but it's actually just perfectly synchronized entropy management.
2443960	2451640	Now, if we take this beautiful, synergistic perfection of the live stage, and we contrast it with
2451640	2459640	the gritty, frustrating reality of the modern office, we return to the problem of human collaboration.
2460200	2464520	So what does this all mean for us? I was hoping we would get back to this, because as fascinating as the
2464520	2470040	live painter is, most of us listening are not performing on stage. We are sitting in an open
2470040	2475560	plan office or on a Zoom call, just trying to get a project approved by a manager who keeps moving the
2475560	2483000	goalposts. How does Fliction's theory help us survive our co-workers? Fliction uses a deeply grounded,
2483000	2490920	tactile example to explain what they call collaboration friction. I want you to imagine a shared pottery studio.
2490920	2497240	You have two artists collaborating on a single piece. A ceramicist who shapes the clay and a
2497240	2503080	painter who glazes and decorates it. I can picture it. The ceramicist sits at the wheel and throws a
2503080	2509240	clay pot. She ensures the shape is perfectly symmetrical. The walls are consistently thick.
2509240	2514360	The profile exactly matches the schematic. She stops the wheel, looks at the wet,
2514360	2521800	bare gray clay, and confidently declares, done! Move it to the drying rack. She has achieved internal
2521800	2528360	completion. The structural constraints of the clay are locked. The entropy of the form is zero.
2528360	2534280	Exactly. Well, it is zero from her perspective within the system. But then the painter walks over. He
2534280	2541720	looks at this bare gray pot. To his eye, the lighting model isn't established. The color palette is missing.
2541720	2546680	The perceptual projection is entirely absent. He looks at the ceramicist and says,
2547320	2551880	what are you talking about? This isn't done at all. And immediately they are at each other's throats.
2551880	2558040	Yes, it is. No, it's not. It's the programmer and the designer all over again. But Fliction points
2558040	2564920	out the tragedy of this argument. They aren't actually arguing about quality. They are not disagreeing
2564920	2570520	on aesthetic standards or work ethic. They are operating at entirely different levels of the entropy
2570520	2575080	collapse sequence we discussed earlier. The hierarchy. One is working on the structure,
2575080	2581480	the other on the surface. Precisely. The ceramicist is operating at what the paper denotes as level K
2581480	2589240	substrate completion. Her job is the foundational structural form. The painter is operating at level
2589240	2597080	K1 perceptual completion. His job is the visual surface projection. The crucial takeaway is that
2597080	2603080	both of them are completely objectively correct within their own constraint vocabularies.
2603080	2610120	If I apply this to my own team, it explains years of workplace drama. A data analyst sends a raw csv
2610120	2617160	file to the marketing team and says, the report is done. The analyst is at level K. The data is accurate.
2617160	2622760	The constraints are solved. The marketing director opens a wall of unformatted numbers, panics, and says,
2622760	2628600	this is unusable. It's not done. The marketing director is at level K1. They need the perceptual
2628600	2634680	completion, the pie charts, the bold takeaways. This friction is mathematically irreducible unless
2634680	2641480	the two parties explicitly agree on the target closure level beforehand. You cannot resolve this
2641480	2649400	friction by arguing about what constitutes good or finished work in the abstract. You can only resolve it
2649400	2656120	by clearly communicating which specific level of the hierarchy constitutes the shared goal for that exact
2656120	2661640	moment of handoff. So the data analysts and the marketing director just need to agree in advance.
2662280	2669080	Phase one is substrate closure. Just get me the accurate numbers. Phase two is perceptual closure. We will
2669080	2676040	build the dashboard together. Once you define the levels, the argument vanishes. The friction wasn't malice or
2676040	2682840	incompetence. It was just epistemic asymmetry. Which brings us to the grand synthesis of Fliction's paper.
2682840	2688920	If we connect this to the bigger picture, having explored generative scripts, AI collapse,
2688920	2695880	live performance, and collaboration friction, Fliction categorizes all human work into three modes of
2695880	2702040	completion. This is the grand unified theory of how we work. Let's break these three modes down because
2702040	2707880	diagnosing which mode you are in seems like the key to saving your sanity. Mode one is generator mode.
2708600	2714920	In this mode, you stop working the absolute second structural closure is achieved. The constraints are
2714920	2722520	fixed. The script is written. Crucially, the residual encoding distance, that gap between your solved
2722520	2729320	structure and a layman's understanding of it, is left wide open. You expend zero energy on rendering or
2729320	2735880	polishing. This mode is perfectly appropriate for private work, personal notes, or work handed off
2735880	2742040	to automated systems that don't require human legibility. That is the headless blender script.
2742040	2749960	It is definitively done even if no human eyeball ever gazes upon the 3D mesh. You solve the math,
2749960	2756280	you walk away. Mode two is delegated mode. This is the coloring book. You establish the
2756280	2762440	rigorous structural closure, but unlike generator mode, you explicitly encode those constraints into a
2762440	2768520	perceptual surface specifically so that a second agent can take over the rendering. You draw the black
2768520	2774280	and white lines clearly enough so someone else can color it in without violating your structure. You don't
2774280	2780920	finish the final projection yourself, but you bridge the gap just enough to allow for a safe handoff. I see this
2780920	2787160	constantly in architecture and web development. A senior systems architect builds a highly detailed
2787160	2793880	wireframe and data schema. They solve the hard constraints, then they hand that wireframe to a
2793880	2800280	junior front-end developer. The junior developer isn't inventing the architecture, they are just doing
2800280	2806280	the projection work of typing out the CSS, adding the hex codes, and making it look right on the screen.
2806280	2813720	And finally, mode three is perform mode. This is the life painting. You achieve internal structural
2813720	2820200	closure early, often before the work even begins, but you carefully and deliberately schedule the
2820200	2827480	projection of that closure over a fixed temporal interval to engineer a specific psychological state.
2828120	2834520	A denouement in an audience. Generator. Delegated. Performed. It covers literally
2834520	2840200	every type of work I can think of. Infliction doesn't just offer this as a philosophical musing,
2840200	2845560	they back this entire framework up with a rigorous mathematical triangulation to prove these states
2845560	2853640	are objective, not just subjective feelings. Yes, the paper unites three distinct mathematical frameworks
2853640	2861000	to prove that completion is a physical reality of the system. First, the discrete framework. Completion
2861000	2866680	occurs when the manifold collapses. The universe of structural possibilities drops to exactly one.
2866680	2872360	Second, the dynamical framework. Completion occurs when the generator reaches zero,
2873080	2879080	meaning the flow of new structural information into the system completely stops. And the third one,
2879080	2884920	which I want to spend a second on, is the variational framework. The paper says completion happens when the
2884920	2891560	Lyapunov energy is minimized. Explain the Lyapunov functional to me, because I think I have an analogy,
2891560	2897960	but I want to make sure the math tracks. In dynamical systems theory, a Lyapunov function is a way to prove
2897960	2904200	that a system will eventually settle into a stable state. It measures a sort of generalized energy that
2904200	2911080	strictly decreases as the system evolves over time. When that energy hits its absolute minimum, the system
2911080	2917720	cannot change anymore without external force. Okay, so imagine a heavy bowling ball rolling down a bumpy,
2917720	2925800	uneven hill. As it rolls, it loses potential energy. Eventually, it settles into a deep valley at the bottom of
2925800	2933400	the hill where it physically cannot roll any lower. That valley is the minimum energy state. It is at rest.
2934120	2941080	Fliction is arguing that creative work operates on the exact same physics. You roll the ideas around,
2941080	2947720	applying constraints, until the project settles into a structural valley where any further changes,
2947720	2954120	any tweaks or additions, would actually require adding unnecessary energy to push it out of its completed
2954120	2962040	state. The work naturally wants to rest at completion, and we force it out of completion by over-tinkering.
2962040	2967560	That is a phenomenal analogy. The work finds its stable resting state. But importantly,
2967560	2972040	even when the system rests, the necessity of rendering never disappears from the universe. It
2972040	2977960	merely relocates. When the programmer declares closure at the script level in generator mode,
2977960	2983720	the energy required to render the 3D mesh still exists. It has just been relocated to the computer
2983720	2988920	processor. When the architect hands off the wireframe, the rendering energy is relocated to the junior
2988920	2995240	developer. You cannot destroy the need for projection. You can only decide who or what has to carry the
2995240	3001320	burden of doing it. But taking all of this into account, this brings us to the section of the paper
3001320	3008120	that genuinely made me sit back in my chair and rethink my entire life. Because Fliction takes this
3008120	3015640	theory of constraint before completion and aims it squarely at our pedagogy. Wait, this paper says our entire
3015640	3022120	school system is backward. It is perhaps the most devastating and necessary critique of modern
3022120	3029880	education I have ever read. Fliction argues that from the earliest ages, schools teach what they call
3030520	3037240	external completion first. Let's walk through a literal classroom scenario. Think about how you
3037240	3042280	learned to write an essay in seventh grade. The teacher stands at the front of the room and says,
3042280	3047240	your assignment is to write a five paragraph essay about the causes of the civil war.
3047240	3052920	It must have an introductory paragraph with a hook, three body paragraphs with topic sentences,
3052920	3058680	and a conclusion that restakes the thesis. It is due on Friday, go. What is the teacher actually
3058680	3065000	demanding of those students? The teacher is demanding that the students produce the surface output,
3065000	3071720	the rendering, the projection, before the students have any conceptual understanding of how to solve
3071720	3077960	the logical constraints of making an historical argument. They are demanding the coloring book be
3077960	3083400	perfectly filled in without ever teaching the student how to draw the structural lines.
3083400	3088440	They are teaching them to build a junk drawer. They absolutely are. The student learns to produce
3089160	3096120	essay-shaped texts, texts that look externally complete to an observer. They have the right one-inch
3096120	3103480	margins, the right word count. They use transition words like furthermore and in conclusion. But internally,
3103480	3109320	structurally, they are entirely hollow. The structural entropy of the argument never actually collapsed
3109320	3113880	because the student was never taught how to manipulate constraints. They were only taught how
3113880	3119800	to mimic the formatting of a finished thought. That is terrifying because it maps so perfectly
3119800	3125320	to the artificial intelligence problem we discussed earlier. We are training large language models the
3125320	3133240	exact same way we train seventh graders. We feed the AI billions of finished, highly polished, rendered essays
3133240	3141160	and say, make text that looks geometrically similar to this. We are training them entirely on the external projection.
3141160	3147720	And we act surprised when the AI hallucinates or suffers semantic collapse. They don't know the
3147720	3154280	underlying constraints of truth, modality or indexical logic. They just know what the surface of a
3154280	3161160	competent sentence is supposed to look like. If we want AI to truly reason or if we want students to truly
3161160	3167880	think, we have to completely invert the pedagogical model. What does affliction-inspired classroom look like
3167880	3172520	then? How do you teach constraints first? You strip away the rendering entirely.
3173560	3179240	You do not ask the student to write the essay. You ask the student to build the structural architecture
3179240	3184360	of the argument. You teach them how to partition evidence. You teach them the difference between an
3184360	3192040	epistemic claim, what someone believed in 1860, and a factual claim, what actually happened. You force
3192040	3197960	them to lower the structural entropy of the historical problem to zero in their minds and in their
3197960	3205480	outlines. Once that internal completion is achieved, the actual writing of the prose, the grammar, the
3205480	3212520	formatting, is revealed to be what it truly is. Mere mechanical projection. A student who masters
3212520	3218440	constraints can write the essay effortlessly, but a student taught only to render will spend their life
3218440	3224040	producing polished nonsense. Wow. If we are judging the intelligence of our students and the
3224040	3230120	capability of our AI purely by the polish of their rendering, we are measuring the paint job and
3230120	3235640	ignoring the fact that the engine is missing. That is the inescapable conclusion of the paper.
3235640	3241880	Let's zoom out and recap this journey for everyone listening because we have covered incredible paradigm
3241880	3249320	shifting ground today. We started by dismantling the myth that finishing is about adding that final coat
3249320	3256280	of polish. We learned that completion is actually about collapsing possibilities. It's about driving
3256280	3264040	the structural entropy of a problem down to zero, carving away the configuration space until only one true
3264040	3270440	inevitable identity remains. We saw how that definition forces a radical shift in our understanding of
3270440	3276840	identity itself. The event history ontology proves that the work is not the static object sitting on
3276840	3283560	your screen or your desk. The true work is the historical trajectory, the invisible generator script,
3283560	3290120	the sequence of constraints that brought it into being. We stared into the abyss of semantic collapse,
3290120	3296840	the junk drawer of AI embedding spaces that can't tell the difference between a riverbank and a credit union
3296840	3304440	because they lack the rigid folders of modal and epistemic logic. We explored the high wire psychological
3304440	3310760	act of live performance, learning how artists use music as an external clock to time the perfect
3310760	3318200	denouement, manipulating the audience's legibility function so the exact moment of structural recognition
3318200	3325000	crashes into the end of the show. And we decoded the daily misery of collaboration friction.
3325000	3332280	The profound realization that when your co-worker says a project isn't done, they aren't necessarily
3332280	3337880	attacking your taste or your work ethic. They're almost certainly just operating at a different level
3337880	3342920	of the entropy collapse sequence. They're looking for perceptual closure while you're handing them
3342920	3348680	substrate closure. It all comes down to building the bridge for the observer, but this leaves us with one
3348680	3354760	final deeply provocative thought. There is a line fliction places at the very end of the paper,
3354760	3360920	almost as a challenge to the reader. Completion is a property of mappings, not of objects.
3360920	3368760	The true work is the invisible solving of constraints in your mind, the mapping of the solution. The physical
3368760	3374600	output you hand over is merely an evaluation, a shadow of that mental map.
3374600	3380280	So I want you, the listener, to really think about this tomorrow morning when you sit down at your desk.
3381000	3386040	Our entire society, the way we build our resumes, the way we construct our portfolios,
3386760	3393640	our literal sense of professional self-worth, it is entirely predicated on the objects we produce.
3393640	3399720	The physical paintings, the polished quarterly reports, the literal lines of compiled code. We judge
3399720	3405320	ourselves and we judge others by the surface rendering. But if flexion is right, if completion
3405320	3411000	is a property of the unseen mapping, what happens to your sense of purpose when you realize the true
3411000	3417400	work isn't the file you attach to the email? The true work is the invisible weightless architecture
3417400	3431080	of constraints you solved in your head before your fingers ever even touched the keyboard.
